{"Brest (France)":{"address":"Brest, Finistère, France","latitude":48.3905283,"longitude":-4.4860088,"countryCode":"FR"},"Marseille (France)":{"address":"Marseille, Bouches-du-Rhône, France","latitude":43.2961743,"longitude":5.3699525,"countryCode":"FR"},"Paris (France)":{"address":"Paris, France","latitude":48.8534951,"longitude":2.3483915,"countryCode":"FR"},"Berne (Suisse)":{"address":"Berne, Suisse","latitude":46.9484742,"longitude":7.4521749,"countryCode":"CH"},"Reading":{"address":"Reading, Angleterre, Royaume-Uni","latitude":51.4564242,"longitude":-0.9700664,"countryCode":"GB"},"Toulouse (France)":{"address":"Toulouse, Haute-Garonne, France","latitude":43.6044638,"longitude":1.4442433,"countryCode":"FR"},"Pairs (France)":{"address":"16420 Saint-Christophe, France","latitude":45.9783698,"longitude":0.836648,"countryCode":"FR"},"Rome (Italie)":{"address":"Rome, Roma Capitale, Italie","latitude":41.8933203,"longitude":12.4829321,"countryCode":"IT"},"Bruxelles (Belgique)":{"address":"Bruxelles, Bruxelles-Capitale, Belgique","latitude":50.8465573,"longitude":4.351697,"countryCode":"BE"},"Paris":{"address":"Paris, France","latitude":48.8534951,"longitude":2.3483915,"countryCode":"FR"},"Orléans (France)":{"address":"Orléans, Loiret, France","latitude":47.9027336,"longitude":1.9086066,"countryCode":"FR"},"Heraklion (Grèce)":{"address":"Héraklion, Περιφερειακή Ενότητα Ηρακλείου, Grèce","latitude":35.33908,"longitude":25.1332843,"countryCode":"GR"},"Bonn (Allemagne)":{"address":"Bonn, Rhénanie-du-Nord-Westphalie, Allemagne","latitude":50.7352621,"longitude":7.1024635,"countryCode":"DE"},"Oxford (Angleterre)":{"address":"Oxford, Oxfordshire, Angleterre, Royaume-Uni","latitude":51.7520131,"longitude":-1.2578499,"countryCode":"GB"},"Paris (Angleterre)":{"address":"Scholes, HD9 1SD, Royaume-Uni","latitude":53.562752,"longitude":-1.7661533,"countryCode":"GB"},"Bruxelles (France)":{"address":"45230 Dammarie-sur-Loing, France","latitude":47.774769,"longitude":2.8820711,"countryCode":"FR"},"Sao Polo":{"address":"Polo, São Marcos, Região Geográfica Intermediária de Caxias do Sul, Brésil","latitude":-28.9784702,"longitude":-51.0613642,"countryCode":"BR"},"New York (US)":{"address":"New York, New York, États-Unis d'Amérique","latitude":40.7127281,"longitude":-74.0060152,"countryCode":"US"}}